Method,t-statistic,p-value
Adasyn,1.1351669723476014,0.28916888439633803
BorderlineSMOTE,0.7378598670391099,0.4816798098556495
SMOTE,-0.18452060881310925,0.8581968098586028
