Method,t-statistic,p-value
Adasyn,0.49143945842374614,0.6363140467784039
BorderlineSMOTE,-2.9211869733608813,0.019256238174914914
SMOTE,-0.10814761408716173,0.9165418291372867
